{
"apiVersion": "V2",
"assemblies": [
{
  "files": [
    {
      "filePath": "data_summary.tsv",
      "fileType": "DATA_TABLE",
      "uncompressedLengthBytes": "649"
    },
    {
      "filePath": "assembly_data_report.jsonl",
      "fileType": "DATA_REPORT",
      "uncompressedLengthBytes": "6647"
    }
  ]
},{
  "accession": "GCA_009913655.1",
  "files": [
    {
      "filePath": "GCA_009913655.1/GCA_009913655.1_ASM991365v1_genomic.fna",
      "fileType": "GENOMIC_NUCLEOTIDE_FASTA"
    }
  ]
},{
  "accession": "GCF_009913655.1",
  "files": [
    {
      "filePath": "GCF_009913655.1/GCF_009913655.1_ASM991365v1_genomic.fna",
      "fileType": "GENOMIC_NUCLEOTIDE_FASTA"
    }
  ]
}]}
